project,operator,fingerprint,file,line,mutation,verdict,note
swift-algorithms,ArithmeticOperatorReplacement,689deec8fd91fbfa978d07d790a20736,/Sources/Algorithms/AdjacentPairs.swift,124,- → +,not-equivalent,underestimatedCount is observable through the Sequence API
swift-algorithms,ArithmeticOperatorReplacement,3bc5273af09ea93af2fa727a2870f500,/Sources/Algorithms/Combinations.swift,64,+ → -,equivalent,the shortcut and the general path both count 2^n
swift-algorithms,ArithmeticOperatorReplacement,6ac942ee3791b816e6349d17d1687aab,/Sources/Algorithms/Reductions.swift,327,- → +,not-equivalent,distance from endIndex is observable
swift-algorithms,ArithmeticOperatorReplacement,9bee0bfce6ac96182d710991c7d4dd69,/Sources/Algorithms/Reductions.swift,165,+ → -,equivalent,reserveCapacity is a hint
swift-algorithms,ArithmeticOperatorReplacement,d4f3ebf4788f2e2011723442ab636fe6,/Sources/Algorithms/MinMax.swift,269,/ → *,equivalent,the 10% heuristic picks between two paths with the same result
swift-algorithms,ArithmeticOperatorReplacement,a80a7f4ec6c4988581f961f4f13814b0,/Sources/Algorithms/Partition.swift,331,+ → -,not-equivalent,wrong deinitialize count after a thrown predicate corrupts memory
swift-algorithms,ArithmeticOperatorReplacement,1b4af5a236d6d7519aa8ee025b2b09b7,/Sources/Algorithms/MinMax.swift,323,/ → *,equivalent,the 10% heuristic picks between two paths with the same result
swift-algorithms,ArithmeticOperatorReplacement,05fc1e4440bac126069e8ea0b6c74e08,/Sources/Algorithms/Combinations.swift,72,/ → *,equivalent,the symmetric shortcut never matches; the recursion computes the same binomial
swift-algorithms,BooleanLiteralReplacement,2eab4c0a33480019720c4d3b9b4d971c,/Sources/Algorithms/EitherSequence.swift,32,false → true,not-equivalent,mixed left/right equality is observable
swift-algorithms,BooleanLiteralReplacement,7cbc20c95d39a03998a81c4c21acf4e1,/Sources/Algorithms/Intersperse.swift,587,false → true,equivalent,a hash tag change keeps the Hashable contract
swift-algorithms,BooleanLiteralReplacement,903b9214ee92a7a2182aa6f14c1d51cd,/Sources/Algorithms/EitherSequence.swift,46,true → false,not-equivalent,mixed left/right ordering is observable
swift-algorithms,BooleanLiteralReplacement,f15c9d7677504d06a9a5a93c4a1bce81,/Sources/Algorithms/EitherSequence.swift,48,false → true,not-equivalent,mixed left/right ordering is observable
swift-algorithms,BooleanLiteralReplacement,564719b904611c29b0c586a5ecad3e82,/Sources/Algorithms/Intersperse.swift,590,true → false,equivalent,a hash tag change keeps the Hashable contract
swift-algorithms,BooleanLiteralReplacement,6ea5f7e6452e984d6c7eb3a5842998bc,/Sources/Algorithms/Combinations.swift,143,true → false,equivalent,keepingCapacity is a performance hint
swift-algorithms,BooleanLiteralReplacement,f7840e6727625f1134eab1cdc68d4a62,/Sources/Algorithms/Permutations.swift,36,false → true,not-equivalent,nextPermutation on one element is observable
swift-algorithms,LogicalOperatorReplacement,19d38a4396db53f9ad01db8379748b65,/Sources/Algorithms/Chunked.swift,754,&& → ||,not-equivalent,the limit check changes which offsets are accepted
swift-algorithms,NegateConditional,a26cca9aa10b0d41f6cfb810e0437cdf,/Sources/Algorithms/MinMax.swift,323,suffixCount < (self.count / 10) → !(suffixCount < (self.count / 10)),equivalent,the 10% heuristic picks between two paths with the same result
swift-algorithms,NegateConditional,2887b995bff25b26b7c8a871c720f8be,/Sources/Algorithms/MinMax.swift,269,prefixCount < (self.count / 10) → !(prefixCount < (self.count / 10)),equivalent,the 10% heuristic picks between two paths with the same result
swift-algorithms,RelationalOperatorReplacement,e4a1c22f383d3e3f1e5ad263bd2d1f78,/Sources/Algorithms/Chunked.swift,724,< → <=,equivalent,assert on a value callers never pass
swift-algorithms,RelationalOperatorReplacement,e4dda9d5a2712dd0707d0240266cfd61,/Sources/Algorithms/FlattenCollection.swift,48,< → <=,equivalent,"reached only when outer differs, where < and <= agree"
swift-algorithms,RelationalOperatorReplacement,e1e7aa38179995207b91e25b00394d73,/Sources/Algorithms/MinMax.swift,217,< → <=,equivalent,ties among equal elements give the same elements
swift-algorithms,RelationalOperatorReplacement,da4e10e737b2d50e8730fa2ba0211391,/Sources/Algorithms/Split.swift,650,>= → >,not-equivalent,maxSplits of zero would trap
swift-algorithms,RelationalOperatorReplacement,c2501b231f0901c60db57fcd9db70ab6,/Sources/Algorithms/EitherSequence.swift,25,== → !=,not-equivalent,a declared == turned into != is observable through !=
swift-algorithms,RelationalOperatorReplacement,ec0cbe928fa1d69eadfa5028c8ff5df4,/Sources/Algorithms/Stride.swift,188,> → >=,equivalent,n == 0 is handled by the guard above
swift-algorithms,RelationalOperatorReplacement,bc99bb6dc5fba3ca58cf6ddb1a25330d,/Sources/Algorithms/Product.swift,328,>= → >,equivalent,assert on a value callers never pass
swift-algorithms,RelationalOperatorReplacement,e0cd9216d7f5a9912a5bcf5e997103f2,/Sources/Algorithms/Chunked.swift,670,< → <=,not-equivalent,limit == i changes the result of a limited offset
swift-algorithms,RelationalOperatorReplacement,048f7e4669c8caace4cf2989868f64ac,/Sources/Algorithms/Stride.swift,128,> → >=,not-equivalent,a stride of zero would no longer trap
swift-algorithms,RelationalOperatorReplacement,62cd96a54a7496d3809c31a0bb16f5e6,/Sources/Algorithms/Cycle.swift,89,== → !=,not-equivalent,a declared == turned into != is observable through !=
swift-algorithms,RelationalOperatorReplacement,19eda5e26b7eea7294514c34a3037811,/Sources/Algorithms/Stride.swift,199,< → <=,not-equivalent,limit == i changes the result of a limited offset
swift-algorithms,RelationalOperatorReplacement,efcb7565489873a719c76b62e91a3472,/Sources/Algorithms/Intersperse.swift,474,> → >=,equivalent,distance == 0 is handled by the guard above
swift-algorithms,RelationalOperatorReplacement,321ee7a8ffa9ccb07d0a52e299133693,/Sources/Algorithms/Chunked.swift,754,> → >=,not-equivalent,baseDistance == 0 enters the special case
swift-algorithms,RelationalOperatorReplacement,defa76f4192afb4f6e5488919ce7bbbe,/Sources/Algorithms/Product.swift,210,> → >=,equivalent,distance == 0 is handled by the guard above
swift-algorithms,RelationalOperatorReplacement,56195a7838615e5b572afdd6e2e9b9e9,/Sources/Algorithms/FlattenCollection.swift,220,> → >=,equivalent,assert on a value callers never pass
swift-algorithms,RelationalOperatorReplacement,6a10745a57d8ed96117ef167d58935be,/Sources/Algorithms/Windows.swift,152,< → <=,not-equivalent,limit == i changes the result of a limited offset
swift-algorithms,RelationalOperatorReplacement,29680d6d6963b84609e2f926feed7efc,/Sources/Algorithms/MinMax.swift,269,< → <=,equivalent,the 10% heuristic picks between two paths with the same result
swift-algorithms,RelationalOperatorReplacement,e0576a338b660b0de72f5ea3b6fc6cb5,/Sources/Algorithms/Joined.swift,152,== → !=,not-equivalent,a declared == turned into != is observable through !=
swift-algorithms,RelationalOperatorReplacement,cfc61391027510e2c3ff386ed6a48e29,/Sources/Algorithms/Product.swift,163,<= → <,not-equivalent,start.i2 == end.i2 takes the other distance formula
swift-algorithms,RelationalOperatorReplacement,2407d6d4a36b9a77de4111cd70138412,/Sources/Algorithms/AdjacentPairs.swift,238,> → >=,equivalent,the caller only offsets forward to a limit past i; the assert never sees equality
swift-algorithms,RemoveSideEffects,3d17edae40e9865d3401f389ec394472,/Sources/Algorithms/Intersperse.swift,587,hasher.combine(false) → ,equivalent,dropping a hash component keeps the Hashable contract
swift-algorithms,RemoveSideEffects,477469223521de20ae79ae90d55baf0c,/Sources/Algorithms/RandomSample.swift,244,result.shuffle(using: &rng) → ,not-equivalent,the sample's order is observable
swift-algorithms,RemoveSideEffects,fbd88466fc85010404447be490d07a69,/Sources/Algorithms/Intersperse.swift,588,hasher.combine(base) → ,equivalent,dropping a hash component keeps the Hashable contract
swift-algorithms,RemoveSideEffects,a2b8f34ef6e09cbed93adb9d2cc6b8c6,/Sources/Algorithms/Intersperse.swift,591,hasher.combine(next) → ,equivalent,dropping a hash component keeps the Hashable contract
swift-algorithms,RemoveSideEffects,9b26619395e1a2ddd31f097525856b12,/Sources/Algorithms/Partition.swift,249,lhs.append(element) → ,not-equivalent,an element is dropped from the partition
swift-algorithms,RemoveSideEffects,18935fa422e672a2726095dd15287621,/Sources/Algorithms/Reductions.swift,165,output.reserveCapacity(underestimatedCount + 1) → ,equivalent,reserveCapacity is a hint
swift-algorithms,RemoveSideEffects,7a13f57f265d15594aed2905aa17baa6,/Sources/Algorithms/RandomSample.swift,148,result.reserveCapacity(k) → ,equivalent,reserveCapacity is a hint
swift-algorithms,RemoveSideEffects,92a5dbfb31ce07781479c8addca16a6d,/Sources/Algorithms/Partition.swift,332,buffer.baseAddress!.deinitialize(count: lhsCount) → ,equivalent,cleanup after a thrown error; nothing a test can observe
swift-algorithms,RemoveSideEffects,2c96090ab048e3ee3ecc30b20a96abe7,/Sources/Algorithms/MinMax.swift,22,result.reserveCapacity(count) → ,equivalent,reserveCapacity is a hint
swift-algorithms,RemoveSideEffects,9fb0aec1d5bbf0ab5f25274388bf6072,/Sources/Algorithms/RandomSample.swift,217,result.reserveCapacity(k) → ,equivalent,reserveCapacity is a hint
swift-algorithms,RemoveSideEffects,8e4addae994027857f7a96c3957a9e9f,/Sources/Algorithms/RandomSample.swift,68,result.reserveCapacity(k) → ,equivalent,reserveCapacity is a hint
swift-algorithms,RemoveSideEffects,ffb138d93144a0447f459b6604ce07eb,/Sources/Algorithms/Partition.swift,247,rhs.append(element) → ,not-equivalent,an element is dropped from the partition
swift-algorithms,RemoveSideEffects,3f5ec63959919491ecdcb9d9c81093bd,/Sources/Algorithms/RandomSample.swift,174,result.shuffle(using: &rng) → ,not-equivalent,the sample's order is observable
swift-algorithms,RemoveSideEffects,53b0ba7303fe45ef2a489718b3c98f71,/Sources/Algorithms/MinMax.swift,49,result.reserveCapacity(count) → ,equivalent,reserveCapacity is a hint
swift-algorithms,RemoveSideEffects,a927897d6dec378bf466467bf4d65627,/Sources/Algorithms/Partition.swift,333,rhs.deinitialize(count: rhsCount) → ,equivalent,cleanup after a thrown error; nothing a test can observe
swift-algorithms,RemoveSideEffects,ed04203e6513660ef20a2c1bf532eac4,/Sources/Algorithms/Intersperse.swift,590,hasher.combine(true) → ,equivalent,dropping a hash component keeps the Hashable contract
swift-argument-parser,ArithmeticOperatorReplacement,3a9fc9005eb72b606f840b2e0ecc8bc7,/Sources/ArgumentParser/Parsing/ArgumentSet.swift,545,+ → -,not-equivalent,the terminator itself would be taken as a value
swift-argument-parser,ArithmeticOperatorReplacement,c6994510c349cd2400568cfccdbabfd0,/Sources/ArgumentParser/Parsing/ArgumentSet.swift,199,+ → -,not-equivalent,a counted flag would count down
swift-argument-parser,BooleanLiteralReplacement,1186955cc44367c3daa34cf4dd3701ce,/Sources/ArgumentParser/Utilities/StringExtensions.swift,109,true → false,not-equivalent,a leading uppercase letter would get a separator
swift-argument-parser,BooleanLiteralReplacement,e705160a1e1f639529e06130626da1de,/Sources/ArgumentParser/Parsable Properties/ArgumentDiscussion.swift,151,false → true,not-equivalent,mixed staticText/enumerated discussions would compare equal
swift-argument-parser,BooleanLiteralReplacement,9c94abf6e446475e67c644083b364ba2,/Sources/ArgumentParser/Usage/HelpGenerator.swift,504,false → true,equivalent,the help flag is last in the help list so its composite group is just itself
swift-argument-parser,BooleanLiteralReplacement,22264b8f3b9a63445283f548f39ae368,/Sources/ArgumentParser/Parsable Properties/Option.swift,842,false → true,not-equivalent,a composite flag renders differently in help
swift-argument-parser,BooleanLiteralReplacement,f2680e81f13e9f4c3cdc3e5b33b8efca,/Sources/ArgumentParser/Parsing/CommandParser.swift,108,false → true,not-equivalent,--help followed by other input would no longer be caught as a help request
swift-argument-parser,BooleanLiteralReplacement,500bcf4d25de15462aeb7bc03547598f,/Sources/ArgumentParser/Parsable Types/ParsableCommand.swift,129,false → true,not-equivalent,the default of includeHidden changes the usage shown
swift-argument-parser,BooleanLiteralReplacement,e7d5670ead64babfd818bb361fe1a0b9,/Sources/ArgumentParserToolInfo/ToolInfo.swift,48,true → false,not-equivalent,the default of shouldDisplay changes tool info
swift-argument-parser,BooleanLiteralReplacement,7c281fceab90551a1f8f54d182029294,/Sources/ArgumentParser/Usage/MessageInfo.swift,177,false → true,not-equivalent,a validation error would exit cleanly
swift-argument-parser,BooleanLiteralReplacement,8c329c80e3bd40281f80e92fc358479d,/Sources/ArgumentParser/Usage/HelpCommand.swift,66,false → true,equivalent,the help flag stored on the constructed HelpCommand is never read
swift-argument-parser,BooleanLiteralReplacement,b17f4b7e3f8a43c8bc9bdb986e3aca17,/Sources/ArgumentParser/Parsable Properties/Option.swift,722,false → true,not-equivalent,a composite flag renders differently in help
swift-argument-parser,BooleanLiteralReplacement,a5fcde005655870838e369ca097bb396,/Sources/ArgumentParser/Parsable Properties/NameSpecification.swift,319,true → false,not-equivalent,the short enable name of a prefixedEnableDisable flag vanishes from parsing and help
swift-argument-parser,BooleanLiteralReplacement,2793cb6ff964028abfd8c1f641bbf9ad,/Sources/ArgumentParser/Parsing/ArgumentSet.swift,190,false → true,not-equivalent,a composite flag renders differently in help
swift-argument-parser,BooleanLiteralReplacement,5f0e241f1172fd862c43f51e85dd88a7,/Sources/ArgumentParser/Parsing/ArgumentSet.swift,429,true → false,not-equivalent,an attached value would go unnoticed
swift-argument-parser,BooleanLiteralReplacement,5caf5345cb1047c0e454285d442ebdc9,/Sources/ArgumentParser/Parsing/SplitArguments.swift,702,false → true,not-equivalent,an argument that parses to nothing would end the split
swift-argument-parser,BooleanLiteralReplacement,1b9b4f660bdfd4da91f48e7ddac9af77,/Sources/ArgumentParser/Parsing/ArgumentDefinition.swift,212,true → false,not-equivalent,an optional-unary option would parse as unary
swift-argument-parser,BooleanLiteralReplacement,0acec5dac87f03b62eb2a99b0177f844,/Sources/ArgumentParser/Parsing/ArgumentSet.swift,93,true → false,not-equivalent,a flag would set false
swift-argument-parser,BooleanLiteralReplacement,9409634904ba16d59a31a2c0a5965017,/Sources/ArgumentParser/Parsing/SplitArguments.swift,602,false → true,not-equivalent,a terminator would count as an extra element
swift-argument-parser,BooleanLiteralReplacement,ca5deb8c0a6c3e64d939af053b2873ec,/Sources/ArgumentParser/Parsable Properties/OptionGroup.swift,40,false → true,equivalent,a workaround property nothing reads
swift-argument-parser,BooleanLiteralReplacement,3f3fdf3d6812a8dc43a839b4479d764e,/Sources/ArgumentParserToolInfo/ToolInfo.swift,103,true → false,not-equivalent,a missing shouldDisplay would decode as hidden
swift-argument-parser,BooleanLiteralReplacement,6f5449572b2d1a4829fe4a37aecad11d,/Sources/ArgumentParser/Parsing/ArgumentSet.swift,160,false → true,not-equivalent,a composite flag renders differently in help
swift-argument-parser,LogicalOperatorReplacement,154e0ace06b58c38eaaeb093361b948c,/Sources/ArgumentParser/Parsing/ArgumentSet.swift,539,&& → ||,not-equivalent,any repeating positional would collect post-terminator input
swift-argument-parser,LogicalOperatorReplacement,f90deed7d02ed28d3234d00e018aa510,/Sources/ArgumentParser/Parsable Types/ParsableCommand.swift,195,&& → ||,not-equivalent,any repeating positional would collect unrecognized input
swift-argument-parser,LogicalOperatorReplacement,6b82644669ca68defb0f5c0306b766eb,/Sources/ArgumentParser/Parsing/SplitArguments.swift,762,|| → &&,not-equivalent,every short option would be rejected
swift-argument-parser,LogicalOperatorReplacement,4bef60a753057fa336dc46fb983e81c5,/Sources/ArgumentParser/Parsable Properties/ArgumentDiscussion.swift,149,&& → ||,not-equivalent,enumerated discussions would compare equal on one part
swift-argument-parser,LogicalOperatorReplacement,03cbde7b0f31a2498c672497eaa496f3,/Sources/ArgumentParser/Parsing/ArgumentSet.swift,664,&& → ||,not-equivalent,passthrough capture is inverted
swift-argument-parser,LogicalOperatorReplacement,4ace0522eabc16df125a586e56606e14,/Sources/ArgumentParser/Parsing/ArgumentSet.swift,634,|| → &&,not-equivalent,passthrough capture is inverted
swift-argument-parser,LogicalOperatorReplacement,938baddafd3ebbbd0acb723f409cdd8b,/Sources/ArgumentParser/Parsing/ArgumentSet.swift,660,|| → &&,not-equivalent,a subcommand would need its name and an alias at once
swift-argument-parser,LogicalOperatorReplacement,882c1a25dea3c9a34bddadc608ecafa9,/Sources/ArgumentParser/Utilities/StringExtensions.swift,149,|| → &&,equivalent,an empty side falls through to the same distance
swift-argument-parser,LogicalOperatorReplacement,280601caede5b732c9a67f6dcb36eb84,/Sources/ArgumentParser/Parsing/ArgumentSet.swift,607,&& → ||,not-equivalent,any repeating positional would collect unrecognized input
swift-argument-parser,LogicalOperatorReplacement,26429a70a91e1fbaff1a3b58cfd38777,/Sources/ArgumentParser/Parsable Types/ParsableCommand.swift,189,&& → ||,not-equivalent,any repeating positional would count as passthrough
swift-argument-parser,LogicalOperatorReplacement,fe71e52a902f0c8f8a6818b38aff4257,/Sources/ArgumentParser/Parsing/ArgumentSet.swift,635,&& → ||,not-equivalent,passthrough capture is inverted
swift-argument-parser,NegateConditional,fa58ab7da8be773c9e07320544ce2a27,/Sources/ArgumentParser/Parsing/ArgumentSet.swift,374,argument.allowsJoinedValue → !(argument.allowsJoinedValue),not-equivalent,-Dvalue joined values would instead swallow the next argument
swift-argument-parser,NegateConditional,8382482582b52dd92fc77a4087e9861d,/Sources/ArgumentParser/Completions/CompletionsGenerator.swift,88,self == .zsh → !(self == .zsh),not-equivalent,the zsh pseudo-completion goes to every shell but zsh
swift-argument-parser,NegateConditional,660076e48fa4360bddbcd92e57e5c475,/Sources/ArgumentParser/Parsing/CommandParser.swift,448,rootCommand.configuration._superCommandName == nil → !(rootCommand.configuration._superCommandName == nil),not-equivalent,completion scripts for pseudo-commands are inverted
swift-argument-parser,NegateConditional,492b07e0e1ea0411182473d3baf29e0d,/Sources/ArgumentParser/Parsing/CommandParser.swift,70,!commandTree.isLeaf → !(!commandTree.isLeaf),not-equivalent,the help subcommand is added to leaves instead
swift-argument-parser,NegateConditional,d8ba0171dc65744d8f34b1a7099040e0,/Sources/ArgumentParser/Utilities/Platform.swift,292,err == 0 → !(err == 0),not-equivalent,terminal size is read from a failed ioctl on a tty
swift-argument-parser,NegateConditional,dccfbc597f768f3fb4af2e24df9ba8c1,/Sources/ArgumentParser/Parsing/SplitArguments.swift,317,index.subIndex == .sub(0) → !(index.subIndex == .sub(0)),not-equivalent,joined values are read from the wrong sub-element
swift-argument-parser,NegateConditional,c22bb7ead53cf8cb6628b837bf51c6cd,/Sources/ArgumentParser/Parsing/ArgumentSet.swift,674,capturesForPassthrough → !(capturesForPassthrough),not-equivalent,passthrough capture is inverted
swift-argument-parser,NegateConditional,959a09d466d87bead7b3335b8ff7f6ce,/Sources/ArgumentParser/Parsing/ArgumentSet.swift,355,nextParsed.value != nil → !(nextParsed.value != nil),not-equivalent,--opt --unknown=v no longer parses as a value while --opt --unknown now does
swift-argument-parser,NegateConditional,ffbbd006b0f8eb8e974b45c60789419c,/Sources/ArgumentParser/Parsing/ArgumentSet.swift,667,matchedSubcommand.includesPassthroughArguments → !(matchedSubcommand.includesPassthroughArguments),not-equivalent,root keeps consuming options after a passthrough subcommand name
swift-argument-parser,NegateConditional,07caa01617446b97a53c0da25793749c,/Sources/ArgumentParser/Parsing/CommandParser.swift,308,self.rootCommand is AsyncParsableCommand.Type → !(self.rootCommand is AsyncParsableCommand.Type),not-equivalent,the async misuse diagnostic is inverted
swift-argument-parser,NegateConditional,cd9897b0b8a041b19818c1fb85cb686b,/Sources/ArgumentParser/Parsing/CommandParser.swift,110,requireSoloArgument → !(requireSoloArgument),not-equivalent,the solo-argument requirement is inverted
swift-argument-parser,NegateConditional,7757af98b9b2dbf9bb089fef72d4d3ba,/Sources/ArgumentParser/Parsing/SplitArguments.swift,762,char.isLetter || char.isNumber → !(char.isLetter || char.isNumber),not-equivalent,alphanumeric short options would be rejected
swift-argument-parser,NegateConditional,bfe8212e6c9bfd1054a84d49b7bc5153,/Sources/ArgumentParser/Parsable Types/ParsableCommand.swift,235,sub.configuration.subcommands.isEmpty → !(sub.configuration.subcommands.isEmpty),not-equivalent,an async subcommand with children is picked
swift-argument-parser,NegateConditional,5944180b2d4df7ebfed9eb2a261b5b1c,/Sources/ArgumentParser/Parsing/SplitArguments.swift,221,!isEmpty → !(!isEmpty),not-equivalent,the description of a non-empty split is <empty>
swift-argument-parser,NegateConditional,26bfeeb045b4e9cfa30fd8118ae71833,/Sources/ArgumentParser/Parsing/SplitArguments.swift,161,lhs.inputIndex == rhs.inputIndex → !(lhs.inputIndex == rhs.inputIndex),not-equivalent,"(1,.complete) < (0,.sub(0)) becomes true and same-input sub ordering is lost"
swift-argument-parser,NegateConditional,4d4ba15e4e98c7cd7e8786c6ea2f5f5b,/Sources/ArgumentParser/Validators/CodingKeyValidator.swift,58,missingCodingKeys.count > 1 → !(missingCodingKeys.count > 1),not-equivalent,the message's plural is inverted
swift-argument-parser,NegateConditional,f345d03242bcc52cb1e6ccb2c2cd6c83,/Sources/ArgumentParser/Parsing/CommandParser.swift,208,currentNode.element.includesAllUnrecognizedArgument → !(currentNode.element.includesAllUnrecognizedArgument),not-equivalent,built-in flags are checked at the wrong time
swift-argument-parser,NegateConditional,1928f3e810a4c7b7fd793957be66b341,/Sources/ArgumentParser/Parsing/ArgumentSet.swift,430,argument.allowsJoinedValue → !(argument.allowsJoinedValue),not-equivalent,joined values are parsed inversely
swift-argument-parser,NegateConditional,ed8cf79701472d5a5c8ef8c98554e97f,/Sources/ArgumentParser/Parsing/CommandParser.swift,309,"self.rootCommand.asyncCompletions(
        parent: nil,
        propertyPath: String(describing: self.rootCommand)
      ).isEmpty == false → !(self.rootCommand.asyncCompletions(
        parent: nil,
        propertyPath: String(describing: self.rootCommand)
      ).isEmpty == false)",not-equivalent,the async misuse diagnostic is inverted
swift-argument-parser,NegateConditional,5ed84cd86140e6bf5131a394d3128d1a,/Sources/ArgumentParser/Parsing/ArgumentSet.swift,663,"!matchedSubcommand.includesPassthroughArguments
            && defaultCapturesForPassthrough → !(!matchedSubcommand.includesPassthroughArguments
            && defaultCapturesForPassthrough)",not-equivalent,passthrough capture is inverted
swift-argument-parser,RelationalOperatorReplacement,34cb27a77ef9feb9a67df66ba3651f61,/Sources/ArgumentParser/Utilities/Platform.swift,298,> → <,not-equivalent,a tty's width is reported inversely
swift-argument-parser,RelationalOperatorReplacement,7d1634bfc59f894b28c706e17ab25ecb,/Sources/ArgumentParser/Parsing/ArgumentDecoder.swift,318,<= → >=,not-equivalent,isAtEnd always true so arrays decode as empty via the unkeyed container
swift-argument-parser,RelationalOperatorReplacement,d48ce9a1076424b5668a71e6ccf7abe1,/Sources/ArgumentParser/Validators/ParsableArgumentsValidation.swift,32,> → <,not-equivalent,validation errors are never thrown so bad declarations pass silently
swift-argument-parser,RelationalOperatorReplacement,be789fe5889abf7165ba1ac35dff0e12,/Sources/ArgumentParser/Parsing/ArgumentSet.swift,635,== → !=,not-equivalent,passthrough capture flips for every repeating positional strategy
swift-argument-parser,RelationalOperatorReplacement,785bb48affe35d6d45c937293a22715f,/Sources/ArgumentParser/Utilities/StringExtensions.swift,149,<= → <,equivalent,an empty self falls to the self-empty guard which also returns the target count
swift-argument-parser,RelationalOperatorReplacement,81b336a9968b0e998e61b4ca42c57b10,/Sources/ArgumentParser/Parsable Types/ParsableCommand.swift,189,== → !=,not-equivalent,includesPassthroughArguments flips for every repeating positional
swift-argument-parser,RelationalOperatorReplacement,3c2cfdcb97ab7a51630d121febae32e2,/Sources/ArgumentParser/Utilities/Platform.swift,299,> → >=,not-equivalent,a tty reporting 0 rows yields height 0 instead of nil in terminalSize
swift-argument-parser,RelationalOperatorReplacement,0ca4557d7ec12255d911246ac88f6b2e,/Sources/ArgumentParser/Parsing/SplitArguments.swift,147,< → >,not-equivalent,sub-index ordering is reversed
swift-argument-parser,RelationalOperatorReplacement,9fee0d2281e231eef725b43899227dd3,/Sources/ArgumentParser/Parsing/SplitArguments.swift,268,> → <,not-equivalent,-- followed by extra input is no longer reported as unexpected
swift-argument-parser,RelationalOperatorReplacement,1efa69dbc326cad240039f6b0ab81673,/Sources/ArgumentParser/Parsing/SplitArguments.swift,317,== → !=,not-equivalent,joined values are read from the wrong sub-element
swift-argument-parser,RelationalOperatorReplacement,6e2e1cbde1f18957ae44ec498ed9dfb9,/Sources/ArgumentParser/Parsing/ArgumentSet.swift,355,!= → ==,not-equivalent,--opt --unknown=v no longer parses as a value while --opt --unknown now does
swift-argument-parser,RelationalOperatorReplacement,724d48213b547e0feecf54b5ccb40b3b,/Sources/ArgumentParser/Utilities/StringExtensions.swift,166,> → <,equivalent,the trimming loop is an optimization of the distance
swift-argument-parser,RelationalOperatorReplacement,db0c02b210e4258e9276797f4c479d6d,/Sources/ArgumentParser/Usage/UsageGenerator.swift,322,< → <=,not-equivalent,ties in edit distance pick the last candidate for did-you-mean
swift-argument-parser,RelationalOperatorReplacement,df7bb24d6f127b8289bfd1b8efe4701d,/Sources/ArgumentParser/Parsing/SplitArguments.swift,143,< → >,not-equivalent,a declared < turned into > changes Comparable
swift-argument-parser,RelationalOperatorReplacement,8bf9236ca9dafab50774fddb59a493f6,/Sources/ArgumentParser/Parsing/SplitArguments.swift,381,> → >=,equivalent,"the origin input is an option, never the terminator, so >= adds nothing"
swift-argument-parser,RelationalOperatorReplacement,67441018ab988506c1a1607c4ade3a8c,/Sources/ArgumentParser/Parsing/ArgumentSet.swift,659,== → !=,not-equivalent,any value not named like the first subcommand is treated as a subcommand match
swift-argument-parser,RelationalOperatorReplacement,b1ec271eab7aecbcc0e87f834117fdbc,/Sources/ArgumentParser/Usage/HelpGenerator.swift,75,< → <=,not-equivalent,an 18-char enumerated value label renders on the same line instead of a new one
swift-argument-parser,RelationalOperatorReplacement,92e55decfebbd2ec4b0b23aa5881dfed,/Sources/ArgumentParser/Parsing/SplitArguments.swift,162,< → >,not-equivalent,sub-index ordering is inverted
swift-argument-parser,RelationalOperatorReplacement,1b558908e3dc4d8a739d23d15b9894af,/Sources/ArgumentParser/Parsing/ArgumentDecoder.swift,318,<= → <,not-equivalent,isAtEnd never true so array decoding runs past the end and hits fatalError
swift-argument-parser,RelationalOperatorReplacement,5b9f4ce07bc7da437d9c9dec26d5ba91,/Sources/ArgumentParser/Parsing/SplitArguments.swift,381,> → <,not-equivalent,terminators are looked for on the wrong side
swift-argument-parser,RemoveSideEffects,dbe4fe17f960200f60d0744acfb79313,/Sources/ArgumentParser/Parsing/ArgumentSet.swift,199,"values.set(b + 1, forKey: key, inputOrigin: origin) → ",not-equivalent,counted flags stay at 0
swift-argument-parser,RemoveSideEffects,f4c8f72d4a3bd9dd4202881ef7f507e6,/Sources/ArgumentParser/Parsing/ArgumentSet.swift,308,usedOrigins.formUnion(origin) → ,not-equivalent,used origins are no longer tracked
swift-argument-parser,RemoveSideEffects,a712569aad955ac3f3d97d43c2000d72,/Sources/ArgumentParser/Utilities/Mutex.swift,48,platformLock.initialize(to: os_unfair_lock()) → ,not-equivalent,lock memory stays uninitialized; locking garbage is undefined behavior
swift-argument-parser,RemoveSideEffects,5f06f3ca78546d99774b8db3e6237c03,/Sources/ArgumentParser/Parsable Properties/OptionGroup.swift,58,d.saveValue(wrappedValue) → ,not-equivalent,an option group's value is no longer saved
swift-argument-parser,RemoveSideEffects,e131e12a2fed574a055cbab75bdc0d15,/Sources/ArgumentParser/Parsable Types/ParsableArguments.swift,315,"configurationFailure(""\(error)"") → ",not-equivalent,the configuration diagnostic is dropped
swift-argument-parser,RemoveSideEffects,a507d2d2d014699c1c2d787cfe12caa4,/Sources/ArgumentParser/Utilities/Mutex.swift,110,"buf.withUnsafeMutablePointerToElements {
          _Lock.initialize($0)
        } → ",not-equivalent,lock memory stays uninitialized; locking garbage is undefined behavior
swift-argument-parser,RemoveSideEffects,5f796a69c01cc655fd9d06265a016ece,/Sources/ArgumentParser/Parsing/ArgumentSet.swift,428,usedOrigins.formUnion(origin) → ,equivalent,line 444 re-adds the same origin before usedOrigins is read
swift-argument-parser,RemoveSideEffects,00ee802209641e62ad1533ead5dae0b0,/Sources/ArgumentParser/Parsing/ArgumentSet.swift,316,usedOrigins.formUnion(origins) → ,not-equivalent,used origins are no longer tracked
swift-argument-parser,RemoveSideEffects,269d7ebe7aa03eb2992c94e3ba290aa8,/Sources/ArgumentParser/Completions/CompletionsGenerator.swift,92,"completions.append("" "") → ",not-equivalent,zsh completion output loses its trailing space entry
swift-argument-parser,RemoveSideEffects,0bd7b44660dfed73f2b4d58dec6f1dec,/Sources/ArgumentParser/Parsing/ArgumentSet.swift,444,usedOrigins.formUnion(origin) → ,not-equivalent,used origins are no longer tracked
swift-argument-parser,RemoveSideEffects,a894311bdcff8f66217510533d309060,/Sources/ArgumentParser/Parsing/ArgumentDefinition.swift,357,"values.set(initial, forKey: key, inputOrigin: inputOrigin) → ",not-equivalent,default values are never stored so decoding reports them missing
swift-argument-parser,RemoveSideEffects,7cfd7134e018996544763b6107c5ffbe,/Sources/ArgumentParser/Parsing/ArgumentSet.swift,437,usedOrigins.formUnion(origins) → ,not-equivalent,used origins are no longer tracked
swift-argument-parser,RemoveSideEffects,a98272591bf56227831d54c8a60e6144,/Sources/ArgumentParser/Utilities/Platform.swift,193,"putc(numericCast(byte), stderr) → ",not-equivalent,nothing is written to stderr
swift-argument-parser,RemoveSideEffects,2c45d0b11e34785f2010c488433bf00d,/Sources/ArgumentParser/Utilities/StringExtensions.swift,230,newTarget.formIndex(after: &targetIdx) → ,not-equivalent,the edit distance loop no longer advances
swift-argument-parser,RemoveSideEffects,391ba21ae7e7b06d489800cf73dba83e,/Sources/ArgumentParser/Parsing/ArgumentSet.swift,521,usedOrigins.formUnion(origin) → ,not-equivalent,used origins are no longer tracked
swift-argument-parser,RemoveSideEffects,4df8ffabb24de8a2a301aa5b48a0dfb6,/Sources/ArgumentParser/Parsable Properties/ArgumentDiscussion.swift,160,hasher.combine(text) → ,equivalent,dropping a hash component keeps the Hashable contract
swift-argument-parser,RemoveSideEffects,2c360868b6f4c780f26f8ec6e31161df,/Sources/ArgumentParser/Parsable Types/ParsableCommand.swift,152,failAsyncPlatform(rootCommand: self) → ,not-equivalent,the async misuse diagnostic is dropped
swift-argument-parser,RemoveSideEffects,34b24623b7474795fd70babb6454605e,/Sources/ArgumentParser/Usage/DumpHelpGenerator.swift,66,"superCommands.insert(superName, at: 0) → ",not-equivalent,the super command's name leaves the help dump
swift-argument-parser,RemoveSideEffects,a8f2c13ef23c714c02cdc71a3c520097,/Sources/ArgumentParser/Parsing/ArgumentDefinition.swift,190,result.help.options.remove(.isOptional) → ,not-equivalent,nonOptional keeps the [...] brackets in the synopsis for an optional definition
swift-argument-parser,RemoveSideEffects,03566a99f9d121adc1d8156b336ff03e,/Sources/ArgumentParser/Parsing/ArgumentSet.swift,438,inputArguments.removeAll(in: usedOrigins) → ,not-equivalent,-Dval foo with upToNextOption stops at the leftover sub-elements and drops foo
swift-argument-parser,SwapTernary,cdff76494b5eebc69393c7c631e6d0aa,/Sources/ArgumentParser/Parsable Types/ParsableArguments.swift,273,includeHidden ? .hidden : .default → includeHidden ? .default : .hidden,not-equivalent,hidden usage is shown inversely
swift-argument-parser,SwapTernary,f117e90d8aa9f9973dee0c22a12bced0,/Sources/ArgumentParser/Parsable Types/ParsableCommand.swift,133,includeHidden ? .hidden : .default → includeHidden ? .default : .hidden,not-equivalent,hidden help is shown inversely
swift-argument-parser,SwapTernary,70eb9828ac960df255af851823fcc778,/Sources/ArgumentParser/Parsing/CommandParser.swift,417,arguments.isEmpty ? ParserError.noArguments(error) : error → arguments.isEmpty ? error : ParserError.noArguments(error),not-equivalent,noArguments is wrapped inversely
swift-argument-parser,SwapTernary,b25ce6aa65e5e338614199054f5760da,/Sources/ArgumentParser/Utilities/Platform.swift,299,height > 0 ? height : nil → height > 0 ? nil : height,not-equivalent,a tty's height is reported inversely
swift-argument-parser,SwapTernary,7816c8007c83c740171b92d89cf30dc2,/Sources/ArgumentParser/Parsable Properties/Flag.swift,599,hasCustomCaseHelp ? (caseHelps[i] ?? help) : help → hasCustomCaseHelp ? help : (caseHelps[i] ?? help),not-equivalent,custom case help is applied inversely
swift-argument-parser,SwapTernary,59e45e45903ba106a6481a3a72890a23,/Sources/ArgumentParser/Usage/MessageInfo.swift,170,"message.isEmpty ? """" : ""\(args._errorPrefix)\(message)"" → message.isEmpty ? ""\(args._errorPrefix)\(message)"" : """"",not-equivalent,the error message is emitted inversely
swift-argument-parser,SwapTernary,41ccfbff32620952af2f5b4440b284b7,/Sources/ArgumentParser/Parsable Properties/Flag.swift,559,hasCustomCaseHelp ? (caseHelps[i] ?? help) : help → hasCustomCaseHelp ? help : (caseHelps[i] ?? help),not-equivalent,custom case help is applied inversely
swift-argument-parser,SwapTernary,6c34aba50bc11d221e8497a9d559ff9d,/Sources/ArgumentParser/Utilities/Platform.swift,298,width > 0 ? width : nil → width > 0 ? nil : width,not-equivalent,a tty's width is reported inversely
swift-cpd,ArithmeticOperatorReplacement,8aa58d8dc2f773f8f0c05cb1f87fd635,/Sources/SwiftCPD/SwiftCPD.swift,92,- → +,not-equivalent,filteredCloneCount is printed by the text and html reporters
swift-cpd,ArithmeticOperatorReplacement,d0ad53f2e8122a882fedbf76c371e7a4,/Sources/SwiftCPD/Detection/CloneGroup.swift,48,- → +,not-equivalent,"tokenCount is stored on the group, printed and used to sort"
swift-cpd,ArithmeticOperatorReplacement,236665b8285084126f18e93aaed1ff79,/Sources/SwiftCPD/Tokenization/UnifiedTokenMapper.swift,158,+ → -,equivalent,the guard at line 118 already established index + 3 < tokens.count
swift-cpd,ArithmeticOperatorReplacement,d77aaee40d9b6127f60ebdf0b653c376,/Sources/SwiftCPD/Detection/CloneDetector.swift,203,- → +,not-equivalent,offsets 30 and 40 under a 50 window stop overlapping and get paired
swift-cpd,ArithmeticOperatorReplacement,299c11f15d1e8a25c95900c3f575fe89,/Sources/SwiftCPD/Detection/CloneDetector.swift,209,+ → -,not-equivalent,a pair ending past the other on side B now counts as subsumed and is dropped
swift-cpd,ArithmeticOperatorReplacement,27c350bfb91dd1275ac0fe5e3500c5b7,/Sources/SwiftCPD/Detection/BlockExtraction.swift,18,- → +,not-equivalent,a short block at a high token index passes the minimum-token filter
swift-cpd,ArithmeticOperatorReplacement,03c5b751de85dda51a2bfa84bb129fef,/Sources/SwiftCPD/Tokenization/UnifiedTokenMapper.swift,154,- → +,not-equivalent,"two fewer tokens consumed, so the last argument and ] are emitted twice"
swift-cpd,ArithmeticOperatorReplacement,025986a37fb009c7a7e4200dd75c90fd,/Sources/SwiftCPD/Detection/SemanticGraph/SemanticNormalizer.swift,30,- → +,not-equivalent,"edge to a missing node no longer matches the sequential one, an extra edge is added"
swift-cpd,ArithmeticOperatorReplacement,b83d75f4c331972ea49e1476e3e2c697,/Sources/SwiftCPD/Detection/CloneGroup.swift,37,+ → -,not-equivalent,lineCount drops by 2 in every report and in the minimum-line guard
swift-cpd,ArithmeticOperatorReplacement,f925dc4dd9d42661ad4b0d06ee4ca9a6,/Sources/SwiftCPD/Detection/CloneDetector.swift,241,+ → -,not-equivalent,lineCount drops by 2 in every report and in the minimum-line filter
swift-cpd,ArithmeticOperatorReplacement,a7adb730c25d604965ac3e3d6fdf68ef,/Sources/SwiftCPD/Detection/CloneDetector.swift,208,+ → -,not-equivalent,a pair ending past the other on side A now counts as subsumed and is dropped
swift-cpd,ArithmeticOperatorReplacement,c5fc08474e8b90d267a187eb1eec07aa,/Sources/SwiftCPD/Reporting/JsonReporter.swift,100,- → +,not-equivalent,a one-line fragment paired with a longer one gets a ' ... }' suffix in its preview
swift-cpd,ArithmeticOperatorReplacement,1fdaf7a9217e1d088de1660a77e96cd9,/Sources/SwiftCPD/Detection/SemanticGraph/SemanticNormalizer.swift,57,- → +,not-equivalent,"edge to a missing node no longer matches the sequential one, an extra edge is added"
swift-cpd,BooleanLiteralReplacement,821d8b2e701be5ce6b51f81936e03a69,/Sources/SwiftCPD/IO/GitRefSourceFileLister.swift,94,true → false,equivalent,parseEntry returns nil for an empty line since it has no tab
swift-cpd,BooleanLiteralReplacement,6bf49193fc56ad30346afb4df2556417,/Sources/SwiftCPD/FileDiscovery/SourceFileDiscovery.swift,31,false → true,equivalent,fileExists sets isDirectory whenever it returns true and the guard throws otherwise
swift-cpd,BooleanLiteralReplacement,e9795a48428d7f5da5ee1a88e6244d63,/Sources/SwiftCPD/Cache/FileCache.swift,68,true → false,not-equivalent,"a nested cache directory whose parents are missing is never created, so no cache file"
swift-cpd,BooleanLiteralReplacement,fb6f0920b844258e8fb9aa7a1997a52f,/Sources/SwiftCPD/CLI/SourcePathDiscovery.swift,36,false → true,equivalent,fileExists sets isDir whenever it returns true and the guard continues otherwise
swift-cpd,BooleanLiteralReplacement,b502dfbf4be8902f0f1498ed670e14b5,/Sources/SwiftCPD/SwiftCPD.swift,338,true → false,not-equivalent,"a non-atomic write succeeds on a writable file in a read-only dir, atomic needs a temp"
swift-cpd,BooleanLiteralReplacement,9f94a02659346795978c9ccfd2546549,/Sources/SwiftCPD/SwiftCPD.swift,353,true → false,not-equivalent,a marker path with missing parent directories is never created under the mutant
swift-cpd,BooleanLiteralReplacement,9e9fcd3e7c59056f76464c20dea8af10,/Sources/SwiftCPD/Baseline/BaselineStore.swift,33,false → true,equivalent,"save only sorts entries built from groups, which always carry two fragments"
swift-cpd,BooleanLiteralReplacement,6f9dc348af264519605ff994292c4dbd,/Sources/SwiftCPD/SwiftCPD.swift,311,true → false,not-equivalent,"a non-atomic write succeeds on a writable file in a read-only dir, atomic needs a temp"
swift-cpd,LogicalOperatorReplacement,6dea64e84ba595d7a4fee53b9b56284c,/Sources/SwiftCPD/Detection/CloneDetector.swift,215,&& → ||,not-equivalent,two pairs in the same A file sharing fragment B collapse to one even when not nested
swift-cpd,LogicalOperatorReplacement,8abb7c00bc448f348cd7aa6ee7aacd74,/Sources/SwiftCPD/Detection/SemanticGraph/SemanticNormalizer.swift,265,|| → &&,not-equivalent,`if !a && b { return }` is a sequence expr starting with ! that only the original counts
swift-cpd,LogicalOperatorReplacement,e4621fecfb99711c3b06f9afe8a319a1,/Sources/SwiftCPD/Tokenization/CTokenizerScanner.swift,181,|| → &&,not-equivalent,"@identifier scanning stops at letters or digits, so @interface tokenizes differently"
swift-cpd,LogicalOperatorReplacement,558bc36c6ecf779bf3993b755d799588,/Sources/SwiftCPD/Detection/CloneDetector.swift,221,&& → ||,not-equivalent,pairs sharing fragment A with B in different files collapse once pairEndB <= otherEndB
swift-cpd,LogicalOperatorReplacement,b7fabd83e24099c3aff493a238cbef1b,/Sources/SwiftCPD/Detection/CloneDetector.swift,216,&& → ||,not-equivalent,pairs sharing fragment B with A in different files collapse once pairEndA <= otherEndA
swift-cpd,LogicalOperatorReplacement,72b5d3b6fd325023a53afe638c7c25f6,/Sources/SwiftCPD/Detection/CloneDetector.swift,162,|| → &&,not-equivalent,periodic token runs give strictly nested pairs that only containment deduplicates
swift-cpd,LogicalOperatorReplacement,a4eb4e17905fad5d61f878754960f7d7,/Sources/SwiftCPD/Detection/SemanticGraph/SemanticNormalizer.swift,194,&& → ||,not-equivalent,any guard-exit or unwrap edge then suppresses every sequential controlFlow edge
swift-cpd,LogicalOperatorReplacement,a034f1804ec378f9c571072fa62a48fd,/Sources/SwiftCPD/CLI/Configuration.swift,53,|| → &&,not-equivalent,"--no-cache without a yaml noCache no longer disables the cache, so cache files appear"
swift-cpd,NegateConditional,1d8ade2de5ebfab47a7bc0fdf0bbf4c6,/Sources/SwiftCPD/Pipeline/AnalysisPipeline.swift,148,"filePath.hasSuffix("".swift"") → !(filePath.hasSuffix("".swift""))",not-equivalent,swift files go to the C tokenizer and C files to the swift one
swift-cpd,NegateConditional,0f6e34786908f6525775ad9075192837,/Sources/SwiftCPD/SwiftCPD.swift,80,configuration.outputFormat == .text → !(configuration.outputFormat == .text),not-equivalent,the stderr progress line moves from text output to every other format
swift-cpd,RelationalOperatorReplacement,1228bfd1daceecc21717a99edab7190d,/Sources/SwiftCPD/Tokenization/CTokenizerScanner.swift,235,< → >,not-equivalent,"an escaped quote in a char literal now ends the literal, the token text changes"
swift-cpd,RelationalOperatorReplacement,19b5be93a22cd18d6449f2255e284387,/Sources/SwiftCPD/Baseline/BaselineStore.swift,22,< → <=,equivalent,guarded by lhs.type != rhs.type
swift-cpd,RelationalOperatorReplacement,ff8b767da592e3aae36486960fcd40e2,/Sources/SwiftCPD/Detection/CloneDetector.swift,220,>= → <=,not-equivalent,partial overlap on side B is no longer told apart from containment
swift-cpd,RelationalOperatorReplacement,142cb67ed08eaffcc471c8bff538e62e,/Sources/SwiftCPD/Detection/BehaviorSignatureExtractor.swift,205,< → <=,equivalent,"equal rawValues are the same enum case, order among them is unobservable"
swift-cpd,RelationalOperatorReplacement,d1b7f60c9cfd832de19e409b6b7ae91f,/Sources/SwiftCPD/SwiftCPD.swift,142,> → >=,not-equivalent,"percentage equal to the threshold flips the exit code, e.g. both 0"
swift-cpd,RelationalOperatorReplacement,0c31eb558a9b59a113dc7e51a3b31fe5,/Sources/SwiftCPD/SwiftCPD.swift,190,> → >=,not-equivalent,"percentage equal to the threshold flips the exit code, e.g. both 0"
swift-cpd,RelationalOperatorReplacement,1de83c44f35dde52efe65e7e9379854d,/Sources/SwiftCPD/Baseline/BaselineStore.swift,36,< → <=,not-equivalent,"ties in type, count and file can be reordered in the written baseline"
swift-cpd,RelationalOperatorReplacement,952519a23f2701407e4b5a03f970bb39,/Sources/SwiftCPD/Pipeline/AnalysisPipeline.swift,122,< → <=,equivalent,"ties are the same file listed twice, whose FileTokens are identical values"
swift-cpd,RelationalOperatorReplacement,997006c5975d61cb8f536e8b364690c0,/Sources/SwiftCPD/Pipeline/AnalysisPipeline.swift,36,< → <=,equivalent,guarded by lhs.type.rawValue != rhs.type.rawValue
swift-cpd,RelationalOperatorReplacement,aa09ef22f912bdecc8fa19d3f5e1af13,/Sources/SwiftCPD/Tokenization/UnifiedTokenMapper.swift,146,!= → ==,not-equivalent,commas between the arguments are dropped and the closing bracket kept
swift-cpd,RelationalOperatorReplacement,bf0daa21640e2680d6f8f31dc29c09a8,/Sources/SwiftCPD/Detection/Type4Detector.swift,121,>= → >,not-equivalent,identical blocks score exactly 1.0 and are dropped at threshold 100
swift-cpd,RelationalOperatorReplacement,ff6a02ebe090068a7347aa7fc0106dfb,/Sources/SwiftCPD/Reporting/AnalysisResult.swift,22,> → >=,equivalent,guarded by lhs.tokenCount != rhs.tokenCount
swift-cpd,RelationalOperatorReplacement,b9d4221bb2bf94f509ff402479d144da,/Sources/SwiftCPD/Detection/RollingHash.swift,25,>= → >,equivalent,"result == removeValue gives 0 or modulus, both vanish under the final % modulus"
swift-cpd,RelationalOperatorReplacement,49fc6a945d1330ce291f6b73f0224b8f,/Sources/SwiftCPD/Pipeline/AnalysisPipeline.swift,43,< → <=,not-equivalent,two groups starting at the same line of the same file can come out in either order
swift-cpd,RelationalOperatorReplacement,7781b044c95330984b5ae0a47ef31032,/Sources/SwiftCPD/Detection/CloneDetector.swift,215,>= → <=,not-equivalent,partial overlap on side A is no longer told apart from containment
swift-cpd,RelationalOperatorReplacement,fff2b1fa39e460fc5bee5f4174cbe442,/Sources/SwiftCPD/Detection/SemanticGraph/SemanticNormalizer.swift,177,> → >=,equivalent,with one node the loop over 0 ..< 0 adds nothing
swift-cpd,RelationalOperatorReplacement,7a22b1ff7fc59652d350ca284d33ec3c,/Sources/SwiftCPD/Reporting/AnalysisResult.swift,18,< → <=,equivalent,guarded by lhs.type.rawValue != rhs.type.rawValue
swift-cpd,RelationalOperatorReplacement,fac6888b4b68e95057c3bba030014cd6,/Sources/SwiftCPD/SwiftCPD.swift,80,== → !=,not-equivalent,the progress line goes to stderr for json/html runs and never for text
swift-cpd,RelationalOperatorReplacement,9dd718904da6c55c327ed79e5006ae17,/Sources/SwiftCPD/Detection/CloneDetector.swift,216,<= → >=,not-equivalent,containment of A now needs the pair to end after the other; overlaps count as subsumed
swift-cpd,RelationalOperatorReplacement,cb07acd2f1635ac38ac087b3bb67b378,/Sources/SwiftCPD/Detection/CloneDetector.swift,57,> → >=,equivalent,singleton buckets yield no pairs in verifyCandidates
swift-cpd,RemoveSideEffects,ad228035677f44009570657db9be1cd3,/Sources/SwiftCPD/Detection/SemanticGraph/SemanticNormalizer.swift,57,"addEdge(from: conditionalId, to: nodes.count - 1, kind: .controlFlow) → ",not-equivalent,"buildGraph re-adds the edge at the tail, changing the kind order the LCS compares"
swift-cpd,RemoveSideEffects,0e7c89d2114a5c962dd5768d6b632624,/Sources/SwiftCPD/SwiftCPD.swift,44,printError(error) → ,not-equivalent,the configuration error no longer reaches stderr
swift-cpd,RemoveSideEffects,183145ddddae39420fc99d7f7956beba,/Sources/SwiftCPD/Tokenization/CTokenizerScanner.swift,135,advance() → ,not-equivalent,`/*/` closes the comment at once when only one char of the opener is skipped
swift-cpd,RemoveSideEffects,fd72d8367f83128a1fd2d3cdeee15719,/Sources/SwiftCPD/SwiftCPD.swift,36,printError(error) → ,not-equivalent,the yaml loading error no longer reaches stderr
swift-cpd,RemoveSideEffects,15d9ca4fa9b68a8d9fbd257f5d56213e,/Sources/SwiftCPD/Tokenization/CTokenizerScanner.swift,134,advance() → ,not-equivalent,`/*/` closes the comment at once when only one char of the opener is skipped
swift-cpd,RemoveSideEffects,b5136baba785e85df1cdc1268fcd0bb4,/Sources/SwiftCPD/Detection/BehaviorSignatureExtractor.swift,152,typeAnnotations.insert(type.name.text) → ,not-equivalent,a return type on the line after endLine is only collected through the clause
swift-cpd,RemoveSideEffects,991c57d73144275dc2d1f10fd65a3e40,/Sources/SwiftCPD/SwiftCPD.swift,182,"writeOutput(output, to: configuration.outputFilePath) → ",not-equivalent,the report is never printed nor written
swift-cpd,RemoveSideEffects,b359dc5fa0c3e2efe32eb439de76b5e6,/Sources/SwiftCPD/Detection/SemanticGraph/SemanticNormalizer.swift,30,"addEdge(from: conditionalId, to: nodes.count - 1, kind: .controlFlow) → ",not-equivalent,"buildGraph re-adds the edge at the tail, changing the kind order the LCS compares"
swift-cpd,RemoveSideEffects,0cb3da63a1e908710b210a36e79515d7,/Sources/SwiftCPD/Detection/BehaviorSignatureExtractor.swift,142,typeAnnotations.insert(type.name.text) → ,not-equivalent,a parameter type on the line after endLine is only collected through the parameter
swift-cpd,SwapTernary,44e838b998ecbb17c2b0dcd8b55d67f1,/Sources/SwiftCPD/Pipeline/AnalysisPipeline.swift,154,detection.crossLanguageEnabled ? unifiedMapper.map(rawTokens) : rawTokens → detection.crossLanguageEnabled ? rawTokens : unifiedMapper.map(rawTokens),not-equivalent,cross-language runs skip the mapping and plain runs apply it
swift-log,ArithmeticOperatorReplacement,676480ac720caef5c3aed04fe94d8fc2,/Sources/Logging/Handlers/MultiplexLogHandler.swift,125,+ → -,equivalent,reserveCapacity is a hint
swift-log,ArithmeticOperatorReplacement,3754e1c0950b1be0342c77043e1d295f,/Sources/Logging/Logger+Attributes.swift,347,* → /,equivalent,reserveCapacity is a hint
swift-log,ArithmeticOperatorReplacement,942719643a8fac360bdb9ea87bd7c588,/Sources/Logging/Logger+Attributes.swift,347,+ → -,equivalent,reserveCapacity is a hint
swift-log,BooleanLiteralReplacement,b95e58a9e417cef9bdea8c8bf464fd67,/Sources/Logging/LoggingSystem.swift,160,false → true,not-equivalent,a validated bootstrap would trap on first use
swift-log,BooleanLiteralReplacement,3f4c97ae54a3c68643156d1326751b2f,/Sources/InMemoryLogging/InMemoryLogHandler.swift,82,true → false,not-equivalent,two nil errors would compare unequal
swift-log,BooleanLiteralReplacement,298e88a28fe9565b1fc0a060a3c4e5a7,/Sources/Logging/Logger+Attributes.swift,174,false → true,not-equivalent,a missing inline entry would compare equal
swift-log,BooleanLiteralReplacement,b84e261b765ca08f8fd905b3d02fa56e,/Sources/Logging/LoggingSystem.swift,167,true → false,not-equivalent,a second validated bootstrap would no longer trap
swift-log,BooleanLiteralReplacement,f40d4deddb4933dcda89d9805ffe84fe,/Sources/Logging/Logger.swift,1338,false → true,not-equivalent,metadata values of different kinds would compare equal
swift-log,BooleanLiteralReplacement,f8ca3eb132e4652f0579dda44141d765,/Sources/Logging/Logger+Attributes.swift,168,false → true,not-equivalent,metadata of different sizes would compare equal
swift-log,NegateConditional,8cc38d364b2b25464ee4c37f6ba918bc,/Sources/Logging/Logger+Attributes.swift,128,!overflow.isEmpty → !(!overflow.isEmpty),not-equivalent,the overflow is never promoted to the inline slot
swift-log,NegateConditional,65bf12f98b6c19a6c2c07d96a0b85081,/Sources/Logging/Logger+Attributes.swift,114,self._inline == nil → !(self._inline == nil),not-equivalent,the inline slot would be skipped
swift-log,RelationalOperatorReplacement,7e4a37ece00d63cd291730a607b59adb,/Sources/Logging/Handlers/StreamLogHandler.swift,209,< → <=,equivalent,"dictionary keys are unique, so < and <= sort alike"
swift-log,RelationalOperatorReplacement,4af87f8172a4b7b3f42667e97bc91011,/Sources/Logging/Logger+Attributes.swift,169,> → >=,not-equivalent,non-empty metadata would compare equal without looking
swift-log,RelationalOperatorReplacement,1ab2b6c0c131463b6e884338d07e0954,/Sources/Logging/Handlers/StreamLogHandler.swift,262,> → >=,equivalent,writing zero bytes does nothing
swift-log,RelationalOperatorReplacement,98617ed1271bf1332ac3a8a900578450,/Sources/Logging/Handlers/StreamLogHandler.swift,184,!= → ==,not-equivalent,an error alone would no longer produce metadata
swift-log,RelationalOperatorReplacement,d0afd4773b5e26d5158969357ca1fe6b,/Sources/Logging/Handlers/MultiplexLogHandler.swift,124,!= → ==,equivalent,reserveCapacity is a hint
swift-log,RelationalOperatorReplacement,1e717f3440c52ef50c522ee58ecdaca5,/Sources/Logging/Logger+Attributes.swift,114,== → !=,not-equivalent,the inline slot would be skipped
swift-log,RemoveSideEffects,335d107ee0fa4d4b9d517009d2970b78,/Sources/Logging/Locks.swift,293,self.lockWrite() → ,not-equivalent,a writer lock no longer taken
swift-log,RemoveSideEffects,97341cfc2f87d045919907c0856e4138,/Sources/Logging/LoggingSystem.swift,80,"self._metadataProviderFactory.replace(nil, validate: false) → ",not-equivalent,a metadata provider would survive a re-bootstrap
swift-log,RemoveSideEffects,f5d7c3f3173ed589412002f934286ccd,/Sources/Logging/Handlers/StreamLogHandler.swift,260,lock?(file) → ,not-equivalent,"without the lock, writes from two threads can interleave; only a concurrency test shows it"
swift-log,RemoveSideEffects,8de9770563a1a22a3fe14ba0db6d7429,/Sources/Logging/Logger+Attributes.swift,407,self.appendInterpolation(value) → ,not-equivalent,the value is no longer interpolated
swift-log,RemoveSideEffects,be9054c08ab42f95ec41a93190569d80,/Sources/Logging/Handlers/MultiplexLogHandler.swift,102,self.mutatingForEachHandler { $0.logLevel = newValue } → ,not-equivalent,the handlers' log level is no longer set
swift-log,RemoveSideEffects,b58974ebd0c06c8c1b83e10bb83176af,/Sources/Logging/Locks.swift,276,self.lockRead() → ,not-equivalent,a reader lock no longer taken
swift-log,RemoveSideEffects,963adedb6cf0d8b1414b1b9401f0eb6d,/Sources/Logging/Locks.swift,169,body() → ,equivalent,a debug-only side effect inside an assert
swift-log,RemoveSideEffects,4cc20d331b454a3f33c657bf2b77b98d,/Sources/Logging/Locks.swift,85,"pthread_mutexattr_settype(&attr, .init(PTHREAD_MUTEX_ERRORCHECK)) → ",equivalent,error-checking only changes what a misuse of the lock does; correct use is identical
swift-log,RemoveSideEffects,e336bc71b6bf582f4b0e507affdf35fd,/Sources/Logging/Handlers/MultiplexLogHandler.swift,186,effective.reserveCapacity(self.handlers.first!.metadata.count) → ,equivalent,reserveCapacity is a hint
swift-log,RemoveSideEffects,c667b2894baae82678af60e3f5ceea9f,/Sources/Logging/Locks.swift,106,mutex.deallocate() → ,equivalent,only leaks the mutex allocation at deinit; the first review misread the #if branch
swift-log,RemoveSideEffects,5d1c22768da9f173fbc2302ceeebece8,/Sources/Logging/Logger+Attributes.swift,443,self.appendInterpolation(value) → ,not-equivalent,the value is no longer interpolated
swift-log,RemoveSideEffects,eb795de2a5c648ff0635a804e5d80fde,/Sources/Logging/Logger+Attributes.swift,151,"self._upsert(key: entry.key, value: entry.value) → ",not-equivalent,entries past the inline slot are dropped from the merge
swift-log,RemoveSideEffects,0ed75e48737832c0b017440d29b7c2f6,/Sources/Logging/Logger+Attributes.swift,419,self.appendInterpolation(value) → ,not-equivalent,the value is no longer interpolated
swift-log,RemoveSideEffects,311e964a30e2a226acd7fab80daefcaf,/Sources/Logging/Handlers/MultiplexLogHandler.swift,195,"effective.merge(provider.get(), uniquingKeysWith: { _, provided in provided }) → ",not-equivalent,the handler's own metadata provider is ignored
swift-log,RemoveSideEffects,185ba569e8fe9a65692fba0338148a97,/Sources/Logging/Handlers/StreamLogHandler.swift,285,contiguousString.makeContiguousUTF8() → ,equivalent,the UTF-8 view reads the same either way
swift-log,RemoveSideEffects,401f8c147f119d55120c9b31f9559d04,/Sources/Logging/Handlers/MultiplexLogHandler.swift,125,providers.reserveCapacity(self.handlers.count + additionalMetadataProviderCount) → ,equivalent,reserveCapacity is a hint
swift-log,RemoveSideEffects,d50a85c37cb369479c433aaa8c648243,/Sources/Logging/Locks.swift,81,"debugOnly {
            #if os(FreeBSD) || os(OpenBSD)
            pthread_mutexattr_settype(&attr, .init(PTHREAD_MUTEX_ERRORCHECK.rawValue))
            #else
            pthread_mutexattr_settype(&attr, .init(PTHREAD_MUTEX_ERRORCHECK))
            #endif
        } → ",equivalent,a debug-only side effect inside an assert
swift-log,SwapTernary,3caaf52c8bec7f90822100e6405632e1,/Sources/Logging/Logger+Attributes.swift,130,self._overflow = overflow.isEmpty ? nil : overflow → self._overflow = overflow.isEmpty ? overflow : nil,not-equivalent,the overflow is kept exactly when it is empty
swift-log,SwapTernary,200b91339193dca21094dc85646b8b72,/Sources/Logging/Handlers/MultiplexLogHandler.swift,124,self._metadataProvider != nil ? 1 : 0 → self._metadataProvider != nil ? 0 : 1,equivalent,reserveCapacity is a hint
swift-mutation-testing,ArithmeticOperatorReplacement,3a9c60f9e4a06a2aa54cf5b4df50f43a,/Sources/SwiftMutationTesting/Reporting/SonarReporter.swift,32,+ → -,not-equivalent,endColumn lands before startColumn in the sonar json
swift-mutation-testing,ArithmeticOperatorReplacement,8091e264394217ef9016508e093bce2d,/Sources/SwiftMutationTesting/Configuration/RunnerConfiguration.swift,7,- → +,not-equivalent,the resolved default concurrency becomes cores+1 instead of cores-1
swift-mutation-testing,ArithmeticOperatorReplacement,c48554944378d8368ab573e074f550e4,/Sources/SwiftMutationTesting/Discovery/Pipeline/MutantIndexingStage.swift,25,+ → -,not-equivalent,"the second duplicate gets ordinal -1 instead of 1, which changes its fingerprint"
swift-mutation-testing,ArithmeticOperatorReplacement,096d68b12064e5af4dcdb9f062a098c0,/Sources/SwiftMutationTesting/Execution/MutantExecutor.swift,500,- → +,not-equivalent,the backwards search starts two lines later and can pick the next case's id or skip
swift-mutation-testing,ArithmeticOperatorReplacement,83cc937543629ae338f657615a0d297c,/Sources/SwiftMutationTesting/Discovery/Schematization/TypeScopeVisitor.swift,109,- → +,not-equivalent,start+end picks the outer scope when the inner body sits late in it
swift-mutation-testing,ArithmeticOperatorReplacement,8596868ddb2c29694c6998c87e67c618,/Sources/SwiftMutationTesting/Discovery/Schematization/MutationRewriter.swift,9,+ → -,not-equivalent,an offset past the end passes the guard and replaceSubrange traps
swift-mutation-testing,ArithmeticOperatorReplacement,e8fa434bf8e6e46884a677258aed701e,/Sources/SwiftMutationTesting/SwiftMutationTesting.swift,64,- → +,not-equivalent,the console reports count+schematizable as incompatible
swift-mutation-testing,BooleanLiteralReplacement,e179e0f715fa518fea2d0a327ab98989,/Sources/SwiftMutationTesting/Sandbox/SandboxFactory.swift,96,true → false,equivalent,"the parent was just created and dest is a fresh name, so intermediates never matter"
swift-mutation-testing,BooleanLiteralReplacement,9fee26e4e47cb1e0ff7ce9fcf25e8f35,/Sources/SwiftMutationTesting/Sandbox/SandboxFactory.swift,152,true → false,equivalent,"the destination is a fresh path in a new sandbox, so the same bytes land either way"
swift-mutation-testing,BooleanLiteralReplacement,c12fcfe13592f8c602c793c84fb5099d,/Sources/SwiftMutationTesting/Sandbox/SandboxFactory.swift,134,true → false,equivalent,the xcodeproj dir was created one line earlier and xcuserdata never pre-exists
swift-mutation-testing,BooleanLiteralReplacement,63837878e80c2ae77658d7dc6552ba16,/Sources/SwiftMutationTesting/CLI/CommandLineParser.swift,9,false → true,not-equivalent,"noCache would be true without --no-cache, flipping build.noCache in every parse"
swift-mutation-testing,BooleanLiteralReplacement,01952a02e7955fcfe4c32a894a2b5af5,/Sources/SwiftMutationTesting/Execution/MutantExecutor.swift,419,false → true,not-equivalent,the probe request would carry a stop rule the launcher acts on and a test double sees
swift-mutation-testing,BooleanLiteralReplacement,76442439c43b42319899278b9b0cbe01,/Sources/SwiftMutationTesting/Execution/FallbackExecutor.swift,52,false → true,not-equivalent,a failed xcode fallback build would be reported as success in the event payload
swift-mutation-testing,BooleanLiteralReplacement,f2df4ae6b6847ef32cd9e43fc378b4f1,/Sources/SwiftMutationTesting/Reporting/HtmlReporter.swift,9,true → false,not-equivalent,an existing read-only or symlinked report path succeeds atomically but not in place
swift-mutation-testing,BooleanLiteralReplacement,5a978ac84ec2d2c5e4b597a7cdebaf4f,/Sources/SwiftMutationTesting/Discovery/Schematization/TypeScopeVisitor.swift,91,false → true,not-equivalent,an if branch holding a single declaration would count as an expression body
swift-mutation-testing,BooleanLiteralReplacement,39c6479c5e9a2682c8e3302d6d4ddd7c,/Sources/SwiftMutationTesting/Reporting/MutantLogWriter.swift,32,true → false,not-equivalent,a nested --keep-logs path with a missing parent gets no baseline.log
swift-mutation-testing,BooleanLiteralReplacement,0c01211a400609140c0fe671a2d61731,/Sources/SwiftMutationTesting/Configuration/ConfigurationFileParser.swift,16,false → true,not-equivalent,a file whose first content line is indented would be parsed as a mutators block
swift-mutation-testing,BooleanLiteralReplacement,c8c1f73fdbe48f9ce48d5ff288d8fe43,/Sources/SwiftMutationTesting/Execution/ActivationMarker.swift,11,true → false,equivalent,"the sandbox root always exists, so only the leaf is created and try? swallows the rest"
swift-mutation-testing,BooleanLiteralReplacement,3e25cf2dcfc50e6a035ee9e5d55216c5,/Sources/SwiftMutationTesting/Discovery/IfConfig/InactiveRegionExtractor.swift,25,true → false,not-equivalent,"with a decidable #if beside an undecidable one, the wrong clause is marked undecidable"
swift-mutation-testing,BooleanLiteralReplacement,f1e29e7f3dcd805452fe5eb28d3ae4bb,/Sources/SwiftMutationTesting/Execution/FallbackExecutor.swift,64,false → true,not-equivalent,a failed spm fallback build would be reported as success in the event payload
swift-mutation-testing,BooleanLiteralReplacement,e0092774c2c4274da0d387570b5eb309,/Sources/SwiftMutationTesting/Discovery/Schematization/TypeScopeVisitor.swift,66,false → true,not-equivalent,a switch with an #if among its cases would count as an expression
swift-mutation-testing,BooleanLiteralReplacement,352bac6be66cfec128ed79a6ae1fdc25,/Sources/SwiftMutationTesting/Sandbox/SandboxFactory.swift,211,true → false,equivalent,"the atomic write already replaces the symlink entry, so removing it first changes nothing"
swift-mutation-testing,BooleanLiteralReplacement,442506948e19986e7bf9cfe2591ce8e8,/Sources/SwiftMutationTesting/Reporting/SarifReporter.swift,120,false → true,not-equivalent,dropping blank lines shifts every line number after the first blank line in a file
swift-mutation-testing,BooleanLiteralReplacement,889fe3558eabe4e15c52f1d9e7edc1f3,/Sources/SwiftMutationTesting/Execution/FallbackExecutor.swift,50,true → false,not-equivalent,a successful xcode fallback build would be reported as failed in the event payload
swift-mutation-testing,BooleanLiteralReplacement,7450b1f506a894ebf4a38ba338fcff3a,/Sources/SwiftMutationTesting/Reporting/MutantLogWriter.swift,26,true → false,equivalent,"the log path is fresh or a regular file the tool wrote, so the same bytes land either way"
swift-mutation-testing,BooleanLiteralReplacement,982b438d69bfd3c59cf4071746f9ff3b,/Sources/SwiftMutationTesting/Sandbox/SandboxFactory.swift,188,false → true,not-equivalent,a project without swiftlint phases gets its pbxproj rewritten as xml instead of symlinked
swift-mutation-testing,BooleanLiteralReplacement,b267ae0c8c661097fde01adc63e3c18d,/Sources/SwiftMutationTesting/Configuration/ConfigurationResolver.swift,227,true → false,equivalent,"URL.path drops the trailing slash, so the directory flag never reaches the string"
swift-mutation-testing,LogicalOperatorReplacement,5f454b279fe951b62bae8df48c85a058,/Sources/SwiftMutationTesting/Discovery/Schematization/TypeScopeVisitor.swift,87,|| → &&,equivalent,"the parser wraps if and switch in an ExpressionStmt, so the expr arm never holds one"
swift-mutation-testing,LogicalOperatorReplacement,c6c1719559c655e8cd9c24639b86ba61,/Sources/SwiftMutationTesting/Discovery/Operators/RemoveSideEffectsVisitor.swift,51,|| → &&,not-equivalent,a closure or implicit getter whose sole statement is a call would now be mutated
swift-mutation-testing,LogicalOperatorReplacement,661d1fbc20da18b81058bddf1e7de2da,/Sources/SwiftMutationTesting/Infrastructure/TestFilesHasher.swift,42,|| → &&,not-equivalent,a helper file under a Tests directory not named *Tests.swift would be left out
swift-mutation-testing,LogicalOperatorReplacement,e73411e061feeb9aff395ff3b3c0f31b,/Sources/SwiftMutationTesting/Discovery/Schematization/TypeScopeVisitor.swift,102,&& → ||,not-equivalent,any offset past the first body start would count as inside a scope
swift-mutation-testing,LogicalOperatorReplacement,4d665bba7872519cae9d89a1a65e5369,/Sources/SwiftMutationTesting/Execution/Parsing/TestOutputParser.swift,28,|| → &&,not-equivalent,an xctest 'Executed N tests' line alone no longer counts as test output
swift-mutation-testing,LogicalOperatorReplacement,3ee5988bf3be6f51cd66aa36ac448923,/Sources/SwiftMutationTesting/Execution/Parsing/TestOutputParser.swift,29,|| → &&,not-equivalent,a swift testing '◇ Suite' line alone no longer counts as test output
swift-mutation-testing,LogicalOperatorReplacement,bef8590c5619e1d90c55879e047ddd3a,/Sources/SwiftMutationTesting/Sandbox/SandboxFactory.swift,133,&& → ||,not-equivalent,xcshareddata and any other directory would become an empty directory instead
swift-mutation-testing,LogicalOperatorReplacement,7f463c49a629e063a10df6bd54f92b2c,/Sources/SwiftMutationTesting/Cache/KillerTestFileResolver.swift,47,&& → ||,equivalent,"a file containing 'func name' also contains name, so both forms agree"
swift-mutation-testing,LogicalOperatorReplacement,195128b5351d8bb5052c43ea6ce3d448,/Sources/SwiftMutationTesting/Configuration/ConfigurationResolver.swift,223,|| → &&,not-equivalent,from a cwd under /private the standardized '.' path drops /private while getcwd keeps it
swift-mutation-testing,LogicalOperatorReplacement,d0dcb3c41936d19e8c86584d3c75d73d,/Sources/SwiftMutationTesting/Execution/MutantExecutor.swift,509,|| → &&,not-equivalent,"the walk no longer stops at default: or switch, so an error can blame a case above"
swift-mutation-testing,LogicalOperatorReplacement,c7b67f898e621cf90303098fcff56a09,/Sources/SwiftMutationTesting/Sandbox/SandboxFactory.swift,135,&& → ||,not-equivalent,project.xcworkspace inside the xcodeproj would be copied instead of symlinked
swift-mutation-testing,LogicalOperatorReplacement,1c79ff206ede653b3f13f1ab2bdddb98,/Sources/SwiftMutationTesting/Configuration/ProjectDetector.swift,38,|| → &&,not-equivalent,"from a cwd under /private the '.' URL standardizes without /private, unlike getcwd"
swift-mutation-testing,LogicalOperatorReplacement,cb940d6bf3e30c7c18ad54130e58fd11,/Sources/SwiftMutationTesting/Discovery/Operators/RemoveSideEffectsVisitor.swift,63,|| → &&,not-equivalent,an explicit get/didSet accessor whose sole statement is a call would now be mutated
swift-mutation-testing,NegateConditional,72616a6011c8fa82ef4934c955023a0e,/Sources/SwiftMutationTesting/Execution/MutantExecutor.swift,501,lineIndex >= 0 → !(lineIndex >= 0),not-equivalent,"the guard now passes only for errorLine <= 0, so real error lines are skipped"
swift-mutation-testing,NegateConditional,860a667e7ec262ad29c9039064ba0788,/Sources/SwiftMutationTesting/Execution/MutantExecutor.swift,509,"trimmed == ""default:"" || trimmed.hasPrefix(""switch "") → !(trimmed == ""default:"" || trimmed.hasPrefix(""switch ""))",not-equivalent,"the upward walk breaks on the first non-case line, an error in a case body finds no id"
swift-mutation-testing,NegateConditional,a236ff9d5f32fa76bb1b67698232a10a,/Sources/SwiftMutationTesting/Execution/MutantExecutor.swift,488,!errorLines.isEmpty → !(!errorLines.isEmpty),not-equivalent,with errors in the file it restores the original instead of narrowing the schema
swift-mutation-testing,NegateConditional,decaea0ff3af4afe72ffb3435ef6e239,/Sources/SwiftMutationTesting/Simulator/SimulatorPool.swift,124,baseUDID != nil → !(baseUDID != nil),not-equivalent,"with a base simulator the clones are no longer shut down and deleted, visible as launches"
swift-mutation-testing,NegateConditional,98b91c5f9a550a2f2a542d95ac7442c3,/Sources/SwiftMutationTesting/Execution/MutantExecutor.swift,503,searchIndex >= 0 → !(searchIndex >= 0),not-equivalent,"the loop never runs for searchIndex >= 0, so no problematic id is ever found"
swift-mutation-testing,NegateConditional,92cb3fc53fc3ea2e9e8062cd34de086a,/Sources/SwiftMutationTesting/Execution/MutantExecutor.swift,566,trimmedLine.hasPrefix(casePrefix) → !(trimmedLine.hasPrefix(casePrefix)),not-equivalent,"a real `case 'swift-mutation-testing_n':` line now yields nil, so narrowing never happens"
swift-mutation-testing,NegateConditional,385ea9e154f5a6b2061a29ce7c73101d,/Sources/SwiftMutationTesting/Sandbox/SandboxFactory.swift,211,(try? pbxprojURL.resourceValues(forKeys: [.isSymbolicLinkKey]))?.isSymbolicLink == true → !((try? pbxprojURL.resourceValues(forKeys: [.isSymbolicLinkKey]))?.isSymbolicLink == true),equivalent,"an atomic write over a symlink replaces the link itself, removing it first changes nothing"
swift-mutation-testing,NegateConditional,0335946275fc517ba9ce5f16fd5fef75,/Sources/SwiftMutationTesting/Reporting/SarifReporter.swift,25,undetected.count > resultLimit → !(undetected.count > resultLimit),not-equivalent,the stderr warning now prints for small reports and is silent above the limit
swift-mutation-testing,NegateConditional,26b76ab2a54c161743c1dc62ab978cda,/Sources/SwiftMutationTesting/Execution/MutantExecutor.swift,566,trimmedLine.hasSuffix(caseSuffix) → !(trimmedLine.hasSuffix(caseSuffix)),not-equivalent,"a real case line ends with `':` and now yields nil, so narrowing never happens"
swift-mutation-testing,NegateConditional,18c2661df1928f6ee17dd173b10e1821,/Sources/SwiftMutationTesting/Execution/MutantExecutor.swift,505,mutantIDs.contains(id) → !(mutantIDs.contains(id)),not-equivalent,"schema case ids are the file's mutants, so the negated check never collects one"
swift-mutation-testing,NegateConditional,c8115687babda8c298f9a5179539d5cb,/Sources/SwiftMutationTesting/Sandbox/SandboxFactory.swift,135,"isDir && name == ""xcshareddata"" → !(isDir && name == ""xcshareddata"")",not-equivalent,"project.pbxproj is copied instead of symlinked, isSymbolicLink on the sandbox shows it"
swift-mutation-testing,RelationalOperatorReplacement,927052917a2f57a9747bbc975a6ad135,/Sources/SwiftMutationTesting/Execution/MutantExecutor.swift,501,>= → <=,not-equivalent,"only an error on line 1 passes the guard, errors further down are skipped"
swift-mutation-testing,RelationalOperatorReplacement,eedbeb4f36e3b5671197faefe7ed83ab,/Sources/SwiftMutationTesting/Infrastructure/ProcessArguments.swift,9,> → >=,not-equivalent,a size of 0 issues a second sysctl through the injected stub instead of returning nil
swift-mutation-testing,RelationalOperatorReplacement,48fe86bd239227629ff1fe2f2137b8b6,/Sources/SwiftMutationTesting/Execution/MutantExecutor.swift,483,== → !=,not-equivalent,"the filter keeps only other files' errors, so this file's errors never narrow the schema"
swift-mutation-testing,RelationalOperatorReplacement,0859e5943634684d3f6c78a995c712a8,/Sources/SwiftMutationTesting/Discovery/Operators/ArithmeticOperatorVisitor.swift,56,>= → <=,not-equivalent,"in `a + 'x' + b` the second + has a literal on its left at index 2, mutant skips it"
swift-mutation-testing,RelationalOperatorReplacement,32a088d95f8234203735b22e94d3d093,/Sources/SwiftMutationTesting/Infrastructure/ProcessTree.swift,36,> → >=,not-equivalent,a size of 0 calls the stub again; a stub then reporting entries indexes an empty array
swift-mutation-testing,RelationalOperatorReplacement,acaa342e71b52aba3f705da8a6893068,/Sources/SwiftMutationTesting/Discovery/Schematization/TypeScopeVisitor.swift,102,<= → <,not-equivalent,the body's own start offset is a valid argument and now answers false instead of true
swift-mutation-testing,RelationalOperatorReplacement,ed224a7cadfab051ccc0c0264a1bd250,/Sources/SwiftMutationTesting/Discovery/Schematization/SchemataGenerator.swift,92,< → <=,equivalent,"recorded starts are inner body braces, no later offset lands exactly on one"
swift-mutation-testing,RelationalOperatorReplacement,243abb72a376957eb5edec333aa1dbd9,/Sources/SwiftMutationTesting/Discovery/Pipeline/MutantIndexingStage.swift,6,< → <=,equivalent,< and <= agree under the != guard on filePath
swift-mutation-testing,RelationalOperatorReplacement,7e9935d2342de76a9693f44e2404f114,/Sources/SwiftMutationTesting/Simulator/SimulatorPool.swift,124,!= → ==,not-equivalent,"with a base simulator the clones are no longer shut down and deleted, visible as launches"
swift-mutation-testing,RelationalOperatorReplacement,652dac03fc5bebb1631170014af6fc24,/Sources/SwiftMutationTesting/Reporting/TextReporter.swift,74,< → <=,not-equivalent,"two warnings on one file and line get swapped by the non-strict predicate, columns show it"
swift-mutation-testing,RelationalOperatorReplacement,25d4b06f44a746f58e5c96e76dbda975,/Sources/SwiftMutationTesting/Discovery/Schematization/SchemataGenerator.swift,168,>= → >,equivalent,"start is a body brace offset with no edit before it, never 0"
swift-mutation-testing,RelationalOperatorReplacement,d04bb08fb976422ac9b35b4c51e3e2c2,/Sources/SwiftMutationTesting/Build/BuildStage.swift,101,== → !=,not-equivalent,"the first non-workspace item is passed as -workspace, visible in xcodebuild's arguments"
swift-mutation-testing,RelationalOperatorReplacement,ccb2c4255ddcd604a435b7648b69de0a,/Sources/SwiftMutationTesting/Reporting/MarkdownReporter.swift,106,> → >=,not-equivalent,exactly 20 results now append '…and 0 more'
swift-mutation-testing,RelationalOperatorReplacement,4f7aff11ab223b1b2c55bcb91848ebde,/Sources/SwiftMutationTesting/Execution/IncompatibleMutantExecutor.swift,146,< → >,not-equivalent,workers come back reversed: mutant to sandbox assignment and workers[0] output change
swift-mutation-testing,RelationalOperatorReplacement,ae358e62f4d346a5a8922315776efa46,/Sources/SwiftMutationTesting/Reporting/MarkdownReporter.swift,116,< → <=,not-equivalent,"two results at one file, line and column get swapped by the non-strict predicate"
swift-mutation-testing,RelationalOperatorReplacement,c87bf07e5bf7abc22a7b99871e99164c,/Sources/SwiftMutationTesting/Reporting/SarifReporter.swift,22,< → <=,not-equivalent,"two results at one file, line and column swap order in the SARIF results array"
swift-mutation-testing,RelationalOperatorReplacement,ef6005a79990a0fd9c6c5308a941a7fa,/Sources/SwiftMutationTesting/Reporting/SarifReporter.swift,122,>= → >,not-equivalent,"line 1 now yields nil, so a multibyte prefix on line 1 gives a different startColumn"
swift-mutation-testing,RelationalOperatorReplacement,fde16e65cfa6e64a78db3476f0eefc64,/Sources/SwiftMutationTesting/Reporting/TextReporter.swift,39,< → <=,not-equivalent,"two mutants on one file and line get swapped by the non-strict predicate, columns show it"
swift-mutation-testing,RelationalOperatorReplacement,d0680c8f3516f005a59d2992602d087b,/Sources/SwiftMutationTesting/Infrastructure/ProcessArguments.swift,21,> → >=,not-equivalent,a 4-byte buffer now returns [] instead of nil
swift-mutation-testing,RelationalOperatorReplacement,86530c782326ea7f9703fe040e72531c,/Sources/SwiftMutationTesting/Execution/MutantExecutor.swift,509,== → !=,not-equivalent,"the walk breaks on any line that is not `default:`, so an error in a case body finds no id"
swift-mutation-testing,RemoveSideEffects,03107553476fbdff7104098c52bf684c,/Sources/SwiftMutationTesting/Execution/MutantExecutor.swift,523,"restoreOriginal(sandboxPath: sandboxPath, originalPath: originalPath) → ",not-equivalent,when regeneration fails the sandbox keeps the broken schema instead of the symlink
swift-mutation-testing,RemoveSideEffects,1bceaaa4f094309432a7e3bd371400a0,/Sources/SwiftMutationTesting/Configuration/ConfigurationFileWriter.swift,129,"lines.append("""") → ",not-equivalent,the generated config file loses the blank line before the cache comment
swift-mutation-testing,RemoveSideEffects,c6acd4ee956516dfad8d85ba48ac67f7,/Sources/SwiftMutationTesting/Infrastructure/CanonicalPath.swift,10,free(resolved) → ,equivalent,"the realpath buffer only leaks, nothing can observe the missing free"
swift-mutation-testing,RemoveSideEffects,f9f0066a3bdbdc6cca57fc0aec3a4e6c,/Sources/SwiftMutationTesting/Infrastructure/TimeoutEscalation.swift,31,lock.lock() → ,not-equivalent,unlock without lock logs an NSLock error and leaves pending unguarded
swift-mutation-testing,RemoveSideEffects,f26b4b795d634419f75c6e11b90461de,/Sources/SwiftMutationTesting/Cache/CacheStore.swift,175,killerTestFiles.removeValue(forKey: key) → ,not-equivalent,killerTestFile(for:) keeps answering for a forgotten key and the stale file is persisted
swift-mutation-testing,RemoveSideEffects,06dfc9973ed65ac3e68606a466930a17,/Sources/SwiftMutationTesting/Infrastructure/ProcessRunner.swift,186,"setpgid(process.processIdentifier, process.processIdentifier) → ",not-equivalent,without its own group kill(-pid) misses the child on timeout
swift-mutation-testing,RemoveSideEffects,1e39cd93bd59d6bbf0700ac6042600b7,/Sources/SwiftMutationTesting/Infrastructure/ProcessRunner.swift,22,lock.unlock() → ,not-equivalent,"the lock stays held after the first read, the next read or mark deadlocks"
swift-mutation-testing,RemoveSideEffects,be6dacdb6b046d7a770a3bef5096f3de,/Sources/SwiftMutationTesting/Configuration/ConfigurationFileWriter.swift,59,"lines.append("""") → ",not-equivalent,the generated config file loses the blank line after testing-framework
swift-mutation-testing,RemoveSideEffects,4720370b1708aa649d1b352312cab92c,/Sources/SwiftMutationTesting/Infrastructure/ProcessRunner.swift,131,timeoutTask.cancel() → ,not-equivalent,"a failed run() still fires onTimeout(0) after the timeout, visible to an injected closure"
swift-mutation-testing,RemoveSideEffects,18433078c0984851b2323adc84ae94ae,/Sources/SwiftMutationTesting/Infrastructure/ProcessRunner.swift,21,lock.lock() → ,not-equivalent,unlock without lock logs an NSLock error and drops the exclusion on flag
swift-mutation-testing,RemoveSideEffects,ef7f9b3cd6d1b81b3bd044ba4badb5dd,/Sources/SwiftMutationTesting/Infrastructure/ProcessRunner.swift,121,postTerminationCleanup?(proc.processIdentifier) → ,not-equivalent,the spm cleanup kill(-pid) and escalation cancel never run after termination
swift-mutation-testing,RemoveSideEffects,72e64ea194ff538dd5c1e6f4cef95fd4,/Sources/SwiftMutationTesting/Infrastructure/ProcessRunner.swift,57,onTimeout(process.processIdentifier) → ,not-equivalent,"cancelling the task no longer terminates the child, so launch waits for it to exit"
swift-mutation-testing,RemoveSideEffects,4e29f27c930da0e68828d15f4f6412b8,/Sources/SwiftMutationTesting/Infrastructure/ProcessGroupRegistry.swift,17,slots.deinitialize(count: capacity) → ,equivalent,"Atomic<pid_t> is trivial, deinitialize before deallocate does nothing"
swift-mutation-testing,RemoveSideEffects,7baadd34386a26df2fe3251447cb11c3,/Sources/SwiftMutationTesting/Infrastructure/ProcessRunner.swift,102,onTimeout(process.processIdentifier) → ,not-equivalent,"cancelling the task no longer terminates the child, so launchCapturing waits for it"
swift-mutation-testing,RemoveSideEffects,cb9b0039d427130e428f07cf564d74af,/Sources/SwiftMutationTesting/Configuration/ConfigurationFileWriter.swift,132,"lines.append("""") → ",not-equivalent,the generated config file loses the blank line before the report paths
swift-mutation-testing,RemoveSideEffects,bf5e8b8be0761a8dc28c42061df116f5,/Sources/SwiftMutationTesting/Infrastructure/TimeoutEscalation.swift,17,lock.lock() → ,not-equivalent,unlock without lock logs an NSLock error and arm races processTerminated
swift-mutation-testing,RemoveSideEffects,2a5910dc1c68eb6508e70986d0a03fc6,/Sources/SwiftMutationTesting/Infrastructure/SPMProcessLauncher.swift,47,escalation.processTerminated() → ,not-equivalent,the grace task still fires kill(-pid) and the snapshotted descendants are never killed
swift-mutation-testing,RemoveSideEffects,c7f81c80380f32ddc19408edab43e469,/Sources/SwiftMutationTesting/Execution/IncompatibleMutantExecutor.swift,233,"MutantLogWriter(directory: configuration.reporting.keepLogsPath)?
            .write(mutant: mutant, status: status, duration: duration, output: test.output) → ",not-equivalent,no log file is written under keep-logs for an incompatible mutant
swift-mutation-testing,RemoveSideEffects,1493af35e75dace9e6878ddb7e19ca44,/Sources/SwiftMutationTesting/SwiftMutationTesting.swift,6,SandboxCleaner.installSignalHandlers() → ,not-equivalent,"SIGINT/SIGTERM/SIGHUP keep the default disposition, sandboxes are left behind"
swift-mutation-testing,RemoveSideEffects,08d4f3a7c075be257166de51c2345b93,/Sources/SwiftMutationTesting/SwiftMutationTesting.swift,77,SandboxCleaner.removeOrphaned() → ,not-equivalent,orphaned sandbox directories of dead owners stay on disk
swift-mutation-testing,SwapTernary,913fedcf98ba6372ff28d933d5038cd9,/Sources/SwiftMutationTesting/Execution/MutantExecutor.swift,568,"id.hasPrefix(""swift-mutation-testing_"") ? id : nil → id.hasPrefix(""swift-mutation-testing_"") ? nil : id",not-equivalent,"every id carries the prefix, so no case line ever matches and nothing is narrowed"
swift-mutation-testing,SwapTernary,3b23fe336a0fb9a1b34ef767eb996e82,/Sources/SwiftMutationTesting/Configuration/ProjectDetector.swift,239,searchURL = FileManager.default.fileExists(atPath: targetURL.path) ? targetURL : projectURL → searchURL = FileManager.default.fileExists(atPath: targetURL.path) ? projectURL : targetURL,not-equivalent,"an existing target searches the whole project, a missing one searches nothing"
swift-mutation-testing,SwapTernary,68313d2799c4c0df8af599e95a8938f4,/Sources/SwiftMutationTesting/Reporting/SarifReporter.swift,66,"canonical.hasSuffix(""/"") ? canonical : canonical + ""/"" → canonical.hasSuffix(""/"") ? canonical + ""/"" : canonical",not-equivalent,for a root not on disk the base uri loses its trailing slash
