project,operator,generated,detected,undetected,noCoverage,unviable,killRate,costPerMutantMs
swift-algorithms,ArithmeticOperatorReplacement,154,139,12,4,3,92.1,1451.5
swift-algorithms,BooleanLiteralReplacement,64,24,7,0,33,77.4,4330.4
swift-algorithms,LogicalOperatorReplacement,16,14,2,1,0,87.5,4452.4
swift-algorithms,NegateConditional,190,184,5,3,1,97.4,1537.4
swift-algorithms,RelationalOperatorReplacement,589,434,95,8,60,82.0,1407.2
swift-algorithms,RemoveSideEffects,49,33,16,0,0,67.3,7177.9
swift-algorithms,SwapTernary,59,59,0,0,0,100.0,897.5
swift-argument-parser,ArithmeticOperatorReplacement,43,14,6,0,23,70.0,1653.6
swift-argument-parser,BooleanLiteralReplacement,121,60,49,5,12,55.0,2145.8
swift-argument-parser,LogicalOperatorReplacement,31,20,11,0,0,64.5,1923.9
swift-argument-parser,NegateConditional,190,153,36,5,1,81.0,2050.7
swift-argument-parser,RelationalOperatorReplacement,266,137,81,9,48,62.8,1969.3
swift-argument-parser,RemoveSideEffects,132,46,79,14,7,36.8,2326.2
swift-argument-parser,SwapTernary,56,47,9,1,0,83.9,1680.2
swift-log,ArithmeticOperatorReplacement,5,2,3,0,0,40.0,303.8
swift-log,BooleanLiteralReplacement,31,19,12,3,0,61.3,348.3
swift-log,LogicalOperatorReplacement,7,7,0,0,0,100.0,104.7
swift-log,NegateConditional,28,25,3,0,0,89.3,161.7
swift-log,RelationalOperatorReplacement,55,42,7,1,6,85.7,139.4
swift-log,RemoveSideEffects,93,60,33,6,0,64.5,869.1
swift-log,SwapTernary,5,3,2,0,0,60.0,246.6
swift-mutation-testing,ArithmeticOperatorReplacement,96,78,0,0,18,100.0,3876.4
swift-mutation-testing,BooleanLiteralReplacement,132,130,0,0,2,100.0,3187.7
swift-mutation-testing,LogicalOperatorReplacement,67,67,0,0,0,100.0,2341.1
swift-mutation-testing,NegateConditional,301,301,0,0,0,100.0,1099.9
swift-mutation-testing,RelationalOperatorReplacement,405,403,0,0,2,100.0,2189.3
swift-mutation-testing,RemoveSideEffects,327,327,0,0,0,100.0,4099.8
swift-mutation-testing,SwapTernary,67,67,0,0,0,100.0,3295.7
